cell_index,cell_type,origin,original_index,inserted_after_original_index,purpose,first_80_chars,sha256_source
0,markdown,ssot_original,0,,,# Week 13 숙제: Optimizer 비교 실험  ## 학습 목표  - SGD / Momentum / RMSProp / Adam 의 **수,5ccdaf32aabc5538f880de3f2adbc6a98d6504d0c2d74639e47ab52f7265d8c1
1,code,ssot_original,1,,,import numpy as np import matplotlib.pyplot as plt from neural_network_v2 import,df0f89688982a7f106354b62de22995b7c2595bd1d57074005ec4163ee3d1006
2,markdown,ssot_original,2,,,--- ## Part 1: Optimizer 4 종 직접 구현 (20 점)  `neural_network_v2.py` 의 `Optimizer` ,2827f53e18bcb9497ab7b8da6aa2cd171bff414f36c580f89b96b057cafc1e92
3,markdown,ssot_original,3,,,### 1.1 MySGD (5 점)  $$\theta \leftarrow \theta - \eta \cdot \nabla L$$,41dab8414d19c6cc58514fb7d123dc5806e4e960d3467616c95cfe704652beb2
4,code,ssot_original,4,,,"class MySGD(Optimizer):     def __init__(self, lr=0.01):         self.lr = lr   ",1bdf6943461e1962742f9a7c6f211559becd43efc3a0ae74dc5b222e344fe970
5,markdown,ssot_original,5,,,### 1.2 MyMomentum (5 점)  $$v \leftarrow \mu \cdot v - \eta \cdot \nabla L$$ $$\,7f28b789cc1e0307850dddefa19c0b481005c4c723b7cea8650a2f62b1000b48
6,code,ssot_original,6,,,"class MyMomentum(Optimizer):     def __init__(self, lr=0.01, mu=0.9):         se",777bfcbca77f94fec1318c773ddaca28cb009c1966bebbab2f542c2f47c0a329
7,markdown,ssot_original,7,,,### 1.3 MyRMSProp (5 점)  $$s \leftarrow \rho \cdot s + (1-\rho) \cdot g^2$$ $$\t,33695e4258ac325ea7563538cbc47d29d01d132609e560a77c62a4d1f0d20711
8,code,ssot_original,8,,,"class MyRMSProp(Optimizer):     def __init__(self, lr=0.001, rho=0.9, eps=1e-8):",20bc8977eaa2d1217ac9c240a2760e550bd24b857c24a55aa628e558a6d843fc
9,markdown,ssot_original,9,,,### 1.4 MyAdam (5 점)  $$m \leftarrow \beta_1 \cdot m + (1-\beta_1) \cdot g$$ $$v,d84f6b5883f7f4c6341ad0aa5e24c1170334f3f04bfda424384777cbf590e826
10,code,ssot_original,10,,,"class MyAdam(Optimizer):     def __init__(self, lr=0.001, beta1=0.9, beta2=0.999",43b8139c662815f8ff335f16c49629e011036ebf082801e2d60993468ab3d4ab
11,markdown,ssot_original,11,,,### 1.5 동작 확인 (검증용)  XOR 에서 4개 모두 학습되는지 확인. 1000 epoch 안에 loss < 0.05 가 나와야 정상.,f0a123c21f53998a3bd19e8be70c34d42e2b922a75f89bfd7ece46dd99b9349f
12,code,ssot_original,12,,,"def test_xor(OptCls, name, lr, **kw):     np.random.seed(0)     X = np.array([[0",4983615560144eaa1776ccf3efa5912d2a381cb3b7d4f28fca376ef1661057b6
13,markdown,ssot_original,13,,,"--- ## Part 2: IRIS optimizer 비교 (25 점)  같은 네트워크 (4→16→3), 같은 데이터, 같은 epoch 수에서 ",715e99bfcf48550376e7cd03c5daa365c401aa0f6de7f59cce7f93f2db641188
14,code,ssot_original,14,,,from sklearn.datasets import load_iris from sklearn.model_selection import train,418a30002a07293d60747dd1a2a8cdd2bb32262f28214feb006297e425d27740
15,markdown,ssot_original,15,,,### 2.1 4 종 비교 실험 (15 점)  각 optimizer 의 학습률은 아래 표를 사용 (수업 슬라이드 권장값):  | Optimize,d732800fb12f1e84f9b644679dbda3eb4e39a1e3b50dbf9ba0b03bbf08bd683e
16,code,ssot_original,16,,,"def train_iris(OptCls, **kw):     # TODO: 다음 순서로 구현     # 1) np.random.seed(0)  ",66677f4bed887be98079222c9e95651f8c21ef1b6bee4ada64d2bd1a2677a63a
17,markdown,ssot_original,17,,,### 2.2 학습 곡선 시각화 (10 점)  4 개 optimizer 의 loss curve 를 한 그림에 그린다. y 축은 log scale,9a268a01bbe23cf7b9209642b0b9fc50c6fe17223cd8c24c36686c9958c18b2e
18,code,ssot_original,18,,,"#아래 코드를 이용하거나 별도의 코드를 작성 fig, ax = plt.subplots(figsize=(10, 5)) colors = {'MySG",9ab37e5c246a370632a1f8803fbb7ed145ef3de84c88ed548accd6029a89f25d
19,markdown,ssot_original,19,,,--- ## Part 3: MNIST optimizer 비교 (25 점)  더 어려운 문제에서 차이가 더 뚜렷해진다. Iris 와 같은 4 종 ,9d2dbbaea813a838a5b4d35fb88ea8e802a411b43b994522d397de3c02636bcc
20,code,ssot_original,20,,,import os  X = y = None  if X is None:     try:         from tensorflow.keras.da,3d55af6dcfd313b03793146e03e3b19e7ff20e46ab780f1c4d2c06e7e914a604
21,markdown,ssot_original,21,,,### 3.2 4 종 비교 학습 (15 점)  네트워크: 784 → 64 → 32 → 10 (작게 잡아 학습 시간 단축). 각 optimizer,7168afb3febe3144f594e910a68bb7fa82fd37d685c29280fc0b225a99513439
22,code,ssot_original,22,,,"def train_mnist(OptCls, **kw):     # TODO: 다음 구조의 네트워크로 MNIST 학습     #   Dense(7",0a9a76eb1910e9bc7fe263a06f3578ffb97d3b0e1aa2030ff3131a9bd46f0849
23,markdown,ssot_original,23,,,### 3.3 결과 시각화 (10 점),a659e97e3ea5e7032cd32413a7e1c94a7de6eba6b29fdc8da8b4bc4fd3a4b5e4
24,code,ssot_original,24,,,"#아래 코드를 이용하거나 별도의 코드를 작성 fig, axes = plt.subplots(1, 2, figsize=(13, 4.5)) color",2f6f08cb115397a8abcc146fb59b5a6f20b83f19e1dfed723ae3ecc4e6a0b7b2
25,markdown,ssot_original,25,,,--- ## Part 4: 학습률 민감도 (10 점)  같은 optimizer 라도 학습률에 따라 결과가 크게 달라진다. **Adam** vs ,4f10313cd4416e0eef16ba6525d0ee76e468319b1a27e503d064dd0dcbc38f96
26,code,ssot_original,26,,,"lrs = [1e-4, 1e-3, 1e-2, 1e-1]  # TODO: 각 lr 에 대해 MySGD 와 MyAdam 학습 후 test_acc 수",b391b6da99b1993b30d702c604b58405f3c065abc4086be93325763c1ebdd535
27,markdown,ssot_original,27,,,"--- ## Part 5: 분석 (간단 서술, 각 5 점 — 총 20 점)  위 실험 결과를 보고 다음 4 개 질문에 본인 의견을 작성하세요. ",7a37d641e0b4b88accbef4ab47eaa958f6222aa7855e0a27a2837cbadef8eda0
